Product,Price,Source
"yippee? Sua eee ae ne
SAVE aan . ; SAVE $1.50
$6.50 $5.00 $5.00
$760 - $1.30 / 1006 Cetaphil Chilled essentials for your / 1006 86-50 - $0.56 / 1006
idj needs

Western Star Original Pauls Custard Vanilla 1kg Pauls Double Thick Custard

Spreadable Butter Blend Promoted French Vanilla 900g

Tub 500g
Promoted

% 3.0/1 + Promoted",$0.50 ,Screenshot 2025-03-10 034051.png
"yippee? Sua eee ae ne
SAVE $0.50 aan . ; SAVE $1.50
$6.50 $5.00 $5.00
$760 - $1.30 / 1006 Cetaphil Chilled essentials for your $0.50 / 1006 86-50 - $0.56 / 1006
idj needs

Western Star Original Pauls Custard Vanilla 1kg Pauls Double Thick Custard

Spreadable Butter Blend Promoted French Vanilla 900g

Tub 500g
Promoted

% 3.0/1 + Promoted",$7.00,Screenshot 2025-03-10 034051.png
